SMILES,Tg_pred,MAC_pred,Score
*C(=O)Nc1ccc(*)n1N,252.95459894905548,0.0568977738778936,14.392553572376636
*C(=O)Nc1ccc(*)c(O)c1,247.8393796671513,0.0569003295213656,14.102142371431755
*C(=O)Nc1ccc(*)nc1C(=O)O,234.7192999537229,0.0569032479948843,13.356290534452343
*C(=O)Nc1ccc(*)nc1O,227.14036963512945,0.0569029027668368,12.924946367771142
*C(=O)NNC(=O)c1ccc(*)nc1,219.97375641520676,0.0568962521486094,12.515682311076391
*C(=O)Nc1ccc(*)c(O)c1O,217.0546231103612,0.056909029830712,12.3523680214815
*C(=O)Nc1ccc(*)n1C(=O)O,210.26645076601957,0.0569089865089444,11.96605060992704
*C(=O)Nc1ccc(NC(=O)c2ccc(*)o2)o1,209.1177077679681,0.0568979147648643,11.898361512405655
*C(=O)NC(=O)c1ccc(*)nc1N,208.1254859694417,0.0569067102226743,11.843736720016286
