SMILES,Tg_pred,MAC_pred,Score,MolWt,ExactMolWt,HeavyAtomMolWt,MolLogP,TPSA,NumHAcceptors,NumHDonors,NumRings,FractionCSP3,LabuteASA,BalabanJ,BertzCT,Chi0v,Chi1n,Kappa1,Kappa2,NumHeavyAtoms,score
*C(=O)Nc1ccc(*)c(O)c1O,217.0546231103613,0.056909029830712,12.352368021481508,151.12099999999998,11.0,56.0,0.3535999999999997,38.42430000000001,0.0,1.0,0.0,0.0,3.0,3.0,69.56,6.0,1.0,-1.7100000000000002,5.008836911726517,1.6602267940539053,12.352368021481501
