SMILES,Tg_pred,MAC_pred,Score
*C(=O)NNC(=O)c1ccc(*)nc1,219.9737564152068,0.0568962521486094,12.515682311076398
*C(=O)Nc1ccc(*)c(O)c1O,217.0546231103612,0.056909029830712,12.3523680214815
