SMILES,Tg_pred,MAC_pred,Score
*C(=O)NNC(=O)c1ccc(*)nc1,219.97375641520676,0.0568962521486094,12.515682311076397
*C(=O)Nc1ccc(*)c(O)c1O,217.05462311036115,0.056909029830712,12.352368021481508
