SMILES,Tg_pred,MAC_pred,Score
*C(=O)Nc1ccc(*)n1N,252.95459894905548,0.05689777387789366,14.392553572376636
*C(=O)Nc1ccc(*)c(O)c1,247.83937966715126,0.05690032952136565,14.102142371431757
*C(=O)Nc1ccc(*)nc1C(=O)O,234.7192999537229,0.056903247994884366,13.356290534452345
*C(=O)Nc1ccc(*)nc1O,227.14036963512945,0.0569029027668368,12.924946367771142
*C(=O)NNC(=O)c1ccc(*)nc1,219.97375641520674,0.05689625214860942,12.515682311076391
*C(=O)Nc1ccc(*)c(O)c1O,217.0546231103612,0.05690902983071203,12.352368021481501
*C(=O)Nc1ccc(*)n1C(=O)O,210.26645076601955,0.05690898650894445,11.96605060992704
*C(=O)Nc1ccc(NC(=O)c2ccc(*)o2)o1,209.11770776796814,0.05689791476486432,11.898361512405657
*C(=O)NC(=O)c1ccc(*)nc1N,208.12548596944174,0.0569067102226743,11.843736720016286
