SMILES,Tg_pred,MAC_pred,Score
*C(=O)NNC(=O)c1ccc(*)nc1,219.97375641520674,0.056896252148609446,12.515682311076397
*C(=O)Nc1ccc(*)c(O)c1O,217.05462311036115,0.05690902983071206,12.352368021481507
