SMILES,Tg_pred,MAC_pred,Score
*C(=O)Nc1ccc(*)n1N,252.95459894905548,0.05689777387789368,14.392553572376642
*C(=O)Nc1ccc(*)c(O)c1,247.83937966715138,0.056900329521365665,14.102142371431768
*C(=O)Nc1ccc(*)nc1C(=O)O,234.71929995372298,0.056903247994884366,13.356290534452349
*C(=O)Nc1ccc(*)nc1O,227.14036963512945,0.056902902766836794,12.92494636777114
*C(=O)NNC(=O)c1ccc(*)nc1,219.97375641520674,0.05689625214860944,12.515682311076395
*C(=O)Nc1ccc(*)c(O)c1O,217.05462311036118,0.05690902983071205,12.352368021481505
*C(=O)Nc1ccc(*)n1C(=O)O,210.26645076601955,0.05690898650894445,11.96605060992704
*C(=O)Nc1ccc(NC(=O)c2ccc(*)o2)o1,209.11770776796828,0.05689791476486431,11.898361512405662
*C(=O)NC(=O)c1ccc(*)nc1N,208.12548596944166,0.056906710222674295,11.843736720016281
