SMILES,Tg_pred,MAC_pred,Score
*C(=O)NNC(=O)c1ccc(*)nc1,219.97375641520676,0.05689625214860943,12.515682311076395
*C(=O)Nc1ccc(*)c(O)c1O,217.05462311036123,0.05690902983071204,12.352368021481507
