SMILES,Tg_pred,MAC_pred,Score
*C(=O)Nc1ccc(*)n1N,252.95459894905557,0.0568977738778936,14.392553572376643
*C(=O)Nc1ccc(*)nc1C(=O)O,234.71929995372287,0.0569032479948843,13.356290534452349
*C(=O)Nc1ccc(*)nc1O,227.14036963512945,0.0569029027668368,12.92494636777114
*C(=O)NNC(=O)c1ccc(*)nc1,219.9737564152068,0.0568962521486094,12.515682311076402
*C(=O)Nc1ccc(*)c(O)c1O,217.0546231103612,0.056909029830712,12.352368021481505
*C(=O)Nc1ccc(*)n1C(=O)O,210.2664507660196,0.0569089865089444,11.966050609927043
*C(=O)Nc1ccc(NC(=O)c2ccc(*)o2)o1,209.1177077679682,0.0568979147648643,11.89836151240566
*C(=O)NC(=O)c1ccc(*)nc1N,208.12548596944168,0.0569067102226742,11.843736720016285
