SMILES,Tg_pred,MAC_pred,Score
*C(=O)NNC(=O)c1ccc(*)nc1,219.9737564152067,0.05689625214860943,12.515682311076393
*C(=O)Nc1ccc(*)c(O)c1O,217.05462311036118,0.056909029830712055,12.352368021481507
