SMILES,Tg_pred,MAC_pred,Score
*C(=O)Nc1ccc(*)n1N,252.95459894905554,0.05689777387789366,14.39255357237664
*C(=O)Nc1ccc(*)nc1C(=O)O,234.71929995372292,0.05690324799488438,13.356290534452349
*C(=O)Nc1ccc(*)nc1O,227.14036963512945,0.0569029027668368,12.924946367771142
*C(=O)NNC(=O)c1ccc(*)nc1,219.97375641520674,0.05689625214860945,12.515682311076398
*C(=O)Nc1ccc(*)c(O)c1O,217.0546231103612,0.056909029830712055,12.352368021481508
*C(=O)Nc1ccc(*)n1C(=O)O,210.26645076601957,0.05690898650894446,11.966050609927041
*C(=O)Nc1ccc(NC(=O)c2ccc(*)o2)o1,209.1177077679681,0.056897914764864325,11.898361512405657
*C(=O)NC(=O)c1ccc(*)nc1N,208.12548596944168,0.05690671022267429,11.843736720016281
