SMILES,Tg_pred,MAC_pred,score,MolWt,ExactMolWt,HeavyAtomMolWt,MolLogP,TPSA,NumHAcceptors,NumHDonors,NumRings,FractionCSP3,LabuteASA,BalabanJ,BertzCT,Chi0v,Chi1n,Kappa1,Kappa2,NumHeavyAtoms,Tg_norm,MAC_norm,_tg_col_used,_mac_col_used,_tg_val,_mac_val,_reason,reason
*C(=O)Nc1ccc(*)n1C(=O)O,210.2664507660196,0.0569089865089444,0.9846358248937324,152.10899999999998,11.0,56.0,0.2699999999999998,36.5075,0.0,1.0,0.0,0.0,3.0,2.0,71.33,7.0,1.0,-1.7799999999999998,4.9486739683719865,1.6287128128796258,0.9779834919349749,1.0001579351308332,Tg_pred,MAC_pred,210.2664507660196,0.0569089865089444,below_weighted_threshold,below_weighted_threshold
*C(=O)Nc1ccc(NC(=O)c2ccc(*)o2)o1,209.11770776796823,0.0568979147648643,0.9808373566626003,218.168,16.0,80.0,1.3806999999999998,54.0219,0.0,2.0,0.0,0.0,4.0,2.0,84.48,8.0,3.0,-2.5,7.74793388429752,2.9934359438660025,0.9726405012463638,0.999963352633819,Tg_pred,MAC_pred,209.11770776796823,0.0568979147648643,below_weighted_threshold,below_weighted_threshold
*C(=O)NC(=O)c1ccc(*)nc1N,208.12548596944168,0.0569067102226742,0.9776532403257734,163.13599999999997,12.0,60.0,-0.7625,41.1456,0.0,1.0,0.0,0.0,4.0,2.0,85.08,7.0,1.0,-1.91,5.703826819942243,2.036933266590908,0.9680255161369381,1.0001179300997223,Tg_pred,MAC_pred,208.12548596944168,0.0569067102226742,below_weighted_threshold,below_weighted_threshold
