SMILES,Tg_pred,MAC_pred,Score
*C(=O)Nc1ccc(*)n1N,252.9545989490555,0.0568977738778936,14.392553572376649
*C(=O)Nc1ccc(*)nc1C(=O)O,234.71929995372287,0.0569032479948844,13.35629053445235
*C(=O)Nc1ccc(*)nc1O,227.14036963512947,0.0569029027668368,12.924946367771142
*C(=O)NNC(=O)c1ccc(*)nc1,219.97375641520676,0.0568962521486094,12.515682311076398
*C(=O)Nc1ccc(*)c(O)c1O,217.05462311036115,0.056909029830712,12.352368021481508
*C(=O)Nc1ccc(*)n1C(=O)O,210.2664507660196,0.0569089865089444,11.96605060992704
*C(=O)Nc1ccc(NC(=O)c2ccc(*)o2)o1,209.11770776796823,0.0568979147648643,11.898361512405662
*C(=O)NC(=O)c1ccc(*)nc1N,208.12548596944168,0.0569067102226742,11.843736720016285
